{
  "dataset": "ICDAR-2013 (camelot-dev/camelot shipped)",
  "metrics": "camelot bench/_metrics.score (detection F1, difflib TEDS proxy, row/col exact)",
  "gold": "ICDAR *-str.xml via Camelot parse_icdar_str_xml",
  "n_docs": 67,
  "results": {
    "pdfparser": {
      "f1": 0.6267605633802817,
      "teds": 0.2376130077858541,
      "row": 0.0898876404494382,
      "col": 0.19101123595505617,
      "time_s": 0.5799603338818997,
      "errors": 0,
      "docs": 67
    },
    "camelot_lattice_vector": {
      "f1": 0.7657992565055762,
      "teds": 0.7838816726186509,
      "row": 0.7475728155339806,
      "col": 0.8058252427184466,
      "time_s": 3.193567708716728,
      "errors": 0,
      "docs": 67
    },
    "camelot_stream": {
      "f1": 0.5852713178294574,
      "teds": 0.469535805177709,
      "row": 0.052980132450331126,
      "col": 0.4900662251655629,
      "time_s": 3.3055427922517993,
      "errors": 0,
      "docs": 67
    },
    "camelot_auto": {
      "f1": 0.863768115942029,
      "teds": 0.7855027900692086,
      "row": 0.5637583892617449,
      "col": 0.7919463087248322,
      "time_s": 72.60508671414573,
      "errors": 0,
      "docs": 67
    },
    "camelot_hybrid_vector": {
      "f1": 0.7259615384615385,
      "teds": 0.7551920582667385,
      "row": 0.46357615894039733,
      "col": 0.7152317880794702,
      "time_s": 4.854912335111294,
      "errors": 0,
      "docs": 67
    },
    "pdfplumber": {
      "f1": 0.6624605678233437,
      "teds": 0.6496610592922069,
      "row": 0.5714285714285714,
      "col": 0.5333333333333333,
      "time_s": 8.364679704944137,
      "errors": 0,
      "docs": 67
    },
    "pymupdf": {
      "f1": 0.7758007117437722,
      "teds": 0.6736259412286585,
      "row": 0.5779816513761468,
      "col": 0.6422018348623854,
      "time_s": 10.20807804231299,
      "errors": 0,
      "docs": 67
    }
  },
  "ranking": [
    {
      "rank": 1,
      "tool": "camelot_auto",
      "f1": 0.863768115942029,
      "teds": 0.7855027900692086,
      "row": 0.5637583892617449,
      "col": 0.7919463087248322,
      "time_s": 72.60508671414573,
      "errors": 0,
      "docs": 67
    },
    {
      "rank": 2,
      "tool": "pymupdf",
      "f1": 0.7758007117437722,
      "teds": 0.6736259412286585,
      "row": 0.5779816513761468,
      "col": 0.6422018348623854,
      "time_s": 10.20807804231299,
      "errors": 0,
      "docs": 67
    },
    {
      "rank": 3,
      "tool": "camelot_lattice_vector",
      "f1": 0.7657992565055762,
      "teds": 0.7838816726186509,
      "row": 0.7475728155339806,
      "col": 0.8058252427184466,
      "time_s": 3.193567708716728,
      "errors": 0,
      "docs": 67
    },
    {
      "rank": 4,
      "tool": "camelot_hybrid_vector",
      "f1": 0.7259615384615385,
      "teds": 0.7551920582667385,
      "row": 0.46357615894039733,
      "col": 0.7152317880794702,
      "time_s": 4.854912335111294,
      "errors": 0,
      "docs": 67
    },
    {
      "rank": 5,
      "tool": "pdfplumber",
      "f1": 0.6624605678233437,
      "teds": 0.6496610592922069,
      "row": 0.5714285714285714,
      "col": 0.5333333333333333,
      "time_s": 8.364679704944137,
      "errors": 0,
      "docs": 67
    },
    {
      "rank": 6,
      "tool": "pdfparser",
      "f1": 0.6267605633802817,
      "teds": 0.2376130077858541,
      "row": 0.0898876404494382,
      "col": 0.19101123595505617,
      "time_s": 0.5799603338818997,
      "errors": 0,
      "docs": 67
    },
    {
      "rank": 7,
      "tool": "camelot_stream",
      "f1": 0.5852713178294574,
      "teds": 0.469535805177709,
      "row": 0.052980132450331126,
      "col": 0.4900662251655629,
      "time_s": 3.3055427922517993,
      "errors": 0,
      "docs": 67
    }
  ],
  "camelot_published_lattice_vector": {
    "f1": 0.766,
    "teds": 0.784,
    "row": 0.748,
    "col": 0.806
  },
  "note": "No pdfparser business-logic changes. Pure extract comparison."
}