{
  "v2": {
    "f1": 0.45696400625978095,
    "teds": 0.3211402696738084,
    "row": 0.3356164383561644,
    "col": 0.4589041095890411,
    "tp": 146,
    "fp": 335,
    "fn": 12,
    "n_pred": 481,
    "n_gt": 158,
    "time_s": 31.497835159301758,
    "total_pred": 481,
    "total_gt": 158
  },
  "legacy": {
    "f1": 0.45383411580594685,
    "teds": 0.347447895051465,
    "row": 0.32413793103448274,
    "col": 0.496551724137931,
    "tp": 145,
    "fp": 336,
    "fn": 13,
    "n_pred": 481,
    "n_gt": 158,
    "time_s": 28.462360858917236,
    "total_pred": 481,
    "total_gt": 158
  },
  "n_docs": 67
}