{
  "frozen_at": "2026-07-11",
  "suite": "regression_compete_hard",
  "policy": "PRE-ALGORITHM baseline. Do not tune fixtures softer to improve scores.",
  "n_docs": 81,
  "pdfparser": {
    "n": 81,
    "n_imperfect": 71,
    "fail_rate": 0.8765432098765432,
    "cell_f1": 0.38336790123456793,
    "shape": 0.2037037037037037,
    "detect_f1": 0.7945839506172839,
    "row_acc": 0.42592592592592593,
    "col_acc": 0.595679012345679,
    "overall": 50.42456913580247
  },
  "by_struggle_mode": {
    "cell_content_assign": {
      "n": 4,
      "n_imperfect": 0,
      "fail_rate": 0.0,
      "cell_f1": 1.0,
      "shape": 1.0,
      "detect_f1": 1.0,
      "row_acc": 1.0,
      "col_acc": 1.0,
      "overall": 97.5
    },
    "complex_spans": {
      "n": 4,
      "n_imperfect": 3,
      "fail_rate": 0.75,
      "cell_f1": 0.473875,
      "shape": 0.25,
      "detect_f1": 0.83335,
      "row_acc": 0.25,
      "col_acc": 0.5,
      "overall": 56.653324999999995
    },
    "false_underline_row_overcount": {
      "n": 8,
      "n_imperfect": 8,
      "fail_rate": 1.0,
      "cell_f1": 0.1991875,
      "shape": 0.0,
      "detect_f1": 1.0,
      "row_acc": 0.0,
      "col_acc": 1.0,
      "overall": 45.8196
    },
    "header_slice_fragmentation": {
      "n": 8,
      "n_imperfect": 8,
      "fail_rate": 1.0,
      "cell_f1": 0.321575,
      "shape": 0.0,
      "detect_f1": 0.4395875,
      "row_acc": 0.0,
      "col_acc": 0.625,
      "overall": 31.8352
    },
    "image_painted_miss_all": {
      "n": 8,
      "n_imperfect": 8,
      "fail_rate": 1.0,
      "cell_f1": 0.0,
      "shape": 0.0,
      "detect_f1": 0.0,
      "row_acc": 0.0,
      "col_acc": 0.0,
      "overall": 5.0
    },
    "invoice_fees_inside_grid": {
      "n": 4,
      "n_imperfect": 4,
      "fail_rate": 1.0,
      "cell_f1": 1.0,
      "shape": 0.0,
      "detect_f1": 1.0,
      "row_acc": 0.0,
      "col_acc": 1.0,
      "overall": 76.25
    },
    "mixed_stream_miss": {
      "n": 6,
      "n_imperfect": 5,
      "fail_rate": 0.8333333333333334,
      "cell_f1": 0.6108166666666667,
      "shape": 0.5833333333333334,
      "detect_f1": 0.8333333333333334,
      "row_acc": 0.5833333333333334,
      "col_acc": 0.8333333333333334,
      "overall": 66.44081666666666
    },
    "multi_table_close_chrome": {
      "n": 5,
      "n_imperfect": 1,
      "fail_rate": 0.2,
      "cell_f1": 0.88696,
      "shape": 0.8,
      "detect_f1": 0.8800000000000001,
      "row_acc": 0.8,
      "col_acc": 0.85,
      "overall": 86.96434
    },
    "multipage_underline_overcount": {
      "n": 4,
      "n_imperfect": 4,
      "fail_rate": 1.0,
      "cell_f1": 0.239475,
      "shape": 0.0,
      "detect_f1": 1.0,
      "row_acc": 0.0,
      "col_acc": 1.0,
      "overall": 47.350375
    },
    "partial_v_col_undercount": {
      "n": 18,
      "n_imperfect": 18,
      "fail_rate": 1.0,
      "cell_f1": 0.0,
      "shape": 0.0,
      "detect_f1": 1.0,
      "row_acc": 1.0,
      "col_acc": 0.0,
      "overall": 38.25
    },
    "severe_minigrid_overdetect": {
      "n": 4,
      "n_imperfect": 4,
      "fail_rate": 1.0,
      "cell_f1": 1.0,
      "shape": 1.0,
      "detect_f1": 0.5277999999999999,
      "row_acc": 1.0,
      "col_acc": 1.0,
      "overall": 83.673625
    },
    "sparse_densify_row_undercount": {
      "n": 8,
      "n_imperfect": 8,
      "fail_rate": 1.0,
      "cell_f1": 0.4917,
      "shape": 0.0,
      "detect_f1": 1.0,
      "row_acc": 0.0,
      "col_acc": 1.0,
      "overall": 56.934475
    }
  },
  "by_failure_class": {
    "C10_COUNT_OK_STRUCT_BAD": {
      "n": 66,
      "n_imperfect": 61,
      "fail_rate": 0.9242424242424242,
      "cell_f1": 0.2871681818181818,
      "shape": 0.07575757575757576,
      "detect_f1": 0.8007590909090909,
      "row_acc": 0.3484848484848485,
      "col_acc": 0.5303030303030303,
      "overall": 44.185287878787875
    },
    "C11_SAME_SHAPE_ZERO_TEDS": {
      "n": 26,
      "n_imperfect": 21,
      "fail_rate": 0.8076923076923077,
      "cell_f1": 0.22675,
      "shape": 0.19230769230769232,
      "detect_f1": 0.9743615384615385,
      "row_acc": 0.8846153846153846,
      "col_acc": 0.23076923076923078,
      "overall": 50.196665384615386
    },
    "C12_ORDER_SENSITIVE": {
      "n": 5,
      "n_imperfect": 1,
      "fail_rate": 0.2,
      "cell_f1": 0.88696,
      "shape": 0.8,
      "detect_f1": 0.8800000000000001,
      "row_acc": 0.8,
      "col_acc": 0.85,
      "overall": 86.96434
    },
    "C13_MIXED_LATTICE_STREAM": {
      "n": 6,
      "n_imperfect": 5,
      "fail_rate": 0.8333333333333334,
      "cell_f1": 0.6108166666666667,
      "shape": 0.5833333333333334,
      "detect_f1": 0.8333333333333334,
      "row_acc": 0.5833333333333334,
      "col_acc": 0.8333333333333334,
      "overall": 66.44081666666666
    },
    "C14_INVOICE_FOOTER": {
      "n": 4,
      "n_imperfect": 4,
      "fail_rate": 1.0,
      "cell_f1": 1.0,
      "shape": 0.0,
      "detect_f1": 1.0,
      "row_acc": 0.0,
      "col_acc": 1.0,
      "overall": 76.25
    },
    "C15_SPAN_COMPLEX": {
      "n": 4,
      "n_imperfect": 3,
      "fail_rate": 0.75,
      "cell_f1": 0.473875,
      "shape": 0.25,
      "detect_f1": 0.83335,
      "row_acc": 0.25,
      "col_acc": 0.5,
      "overall": 56.653324999999995
    },
    "C1_OVER_DETECT": {
      "n": 13,
      "n_imperfect": 9,
      "fail_rate": 0.6923076923076923,
      "cell_f1": 0.7225153846153846,
      "shape": 0.6153846153846154,
      "detect_f1": 0.8085538461538462,
      "row_acc": 0.6153846153846154,
      "col_acc": 0.9423076923076923,
      "overall": 73.7629
    },
    "C2_SEVERE_OVER_DETECT": {
      "n": 4,
      "n_imperfect": 4,
      "fail_rate": 1.0,
      "cell_f1": 1.0,
      "shape": 1.0,
      "detect_f1": 0.5277999999999999,
      "row_acc": 1.0,
      "col_acc": 1.0,
      "overall": 83.673625
    },
    "C3_MISS_ALL": {
      "n": 8,
      "n_imperfect": 8,
      "fail_rate": 1.0,
      "cell_f1": 0.0,
      "shape": 0.0,
      "detect_f1": 0.0,
      "row_acc": 0.0,
      "col_acc": 0.0,
      "overall": 5.0
    },
    "C3_UNDER_DETECT": {
      "n": 22,
      "n_imperfect": 21,
      "fail_rate": 0.9545454545454546,
      "cell_f1": 0.34538636363636366,
      "shape": 0.1590909090909091,
      "detect_f1": 0.5909090909090909,
      "row_acc": 0.1590909090909091,
      "col_acc": 0.5909090909090909,
      "overall": 40.641850000000005
    },
    "C4_ROW_FRAGMENT_LARGE": {
      "n": 14,
      "n_imperfect": 13,
      "fail_rate": 0.9285714285714286,
      "cell_f1": 0.44553571428571426,
      "shape": 0.25,
      "detect_f1": 0.6083357142857143,
      "row_acc": 0.25,
      "col_acc": 0.7142857142857143,
      "overall": 46.666178571428574
    },
    "C5_HEADER_ONLY_SLICE": {
      "n": 16,
      "n_imperfect": 16,
      "fail_rate": 1.0,
      "cell_f1": 0.4066375,
      "shape": 0.0,
      "detect_f1": 0.71979375,
      "row_acc": 0.0,
      "col_acc": 0.8125,
      "overall": 44.3848375
    },
    "C6_COL_SKEW_WIDE": {
      "n": 18,
      "n_imperfect": 18,
      "fail_rate": 1.0,
      "cell_f1": 0.0,
      "shape": 0.0,
      "detect_f1": 1.0,
      "row_acc": 1.0,
      "col_acc": 0.0,
      "overall": 38.25
    },
    "C7_ROW_OVERCOUNT": {
      "n": 16,
      "n_imperfect": 16,
      "fail_rate": 1.0,
      "cell_f1": 0.4094625,
      "shape": 0.0,
      "detect_f1": 1.0,
      "row_acc": 0.0,
      "col_acc": 1.0,
      "overall": 53.80989375
    },
    "C8_MULTI_TABLE_COUNT_ERROR": {
      "n": 23,
      "n_imperfect": 18,
      "fail_rate": 0.782608695652174,
      "cell_f1": 0.6379260869565218,
      "shape": 0.5,
      "detect_f1": 0.6533869565217392,
      "row_acc": 0.5,
      "col_acc": 0.7934782608695652,
      "overall": 61.86272608695652
    },
    "C9_MULTIPAGE": {
      "n": 4,
      "n_imperfect": 4,
      "fail_rate": 1.0,
      "cell_f1": 0.239475,
      "shape": 0.0,
      "detect_f1": 1.0,
      "row_acc": 0.0,
      "col_acc": 1.0,